league,season,season_label,team,player,player_id,appearances,age,age_ref,data_source
GER-Bundesliga,2425,2024/2025,1. FC Heidenheim 1846,Adrian Beck,277999,33,27.81,27.813826146475016,ESPN
GER-Bundesliga,2425,2024/2025,1. FC Heidenheim 1846,Benedikt Gimber,220716,33,28.36,28.358658453114305,ESPN
GER-Bundesliga,2425,2024/2025,1. FC Heidenheim 1846,Budu Zivzivadze,237727,15,30.74,30.740588637919235,ESPN
GER-Bundesliga,2425,2024/2025,1. FC Heidenheim 1846,Denis Thomalla,151122,1,32.87,32.87063655030801,ESPN
GER-Bundesliga,2425,2024/2025,1. FC Heidenheim 1846,Frank Feller,334262,16,21.0,20.996577686516083,ESPN
GER-Bundesliga,2425,2024/2025,1. FC Heidenheim 1846,Frans Krätzig,346749,17,22.46,22.458590006844627,ESPN
GER-Bundesliga,2425,2024/2025,1. FC Heidenheim 1846,Jan Schöppner,291798,33,25.57,25.56605065023956,ESPN
GER-Bundesliga,2425,2024/2025,1. FC Heidenheim 1846,Jonas Föhrenbach,220815,32,29.43,29.426420260095824,ESPN
GER-Bundesliga,2425,2024/2025,1. FC Heidenheim 1846,Julian Niehues,322555,10,24.2,24.202600958247775,ESPN
GER-Bundesliga,2425,2024/2025,1. FC Heidenheim 1846,Kevin Müller,149276,33,34.29,34.2943189596167,ESPN
GER-Bundesliga,2425,2024/2025,1. FC Heidenheim 1846,Lennard Maloney,267798,11,25.89,25.88911704312115,ESPN
GER-Bundesliga,2425,2024/2025,1. FC Heidenheim 1846,Luca Kerber,364791,32,22.74,22.740588637919235,ESPN
GER-Bundesliga,2425,2024/2025,1. FC Heidenheim 1846,Luka Janes,371370,2,21.45,21.44558521560575,ESPN
GER-Bundesliga,2425,2024/2025,1. FC Heidenheim 1846,Léo Scienza,343995,31,26.8,26.795345653661876,ESPN
GER-Bundesliga,2425,2024/2025,1. FC Heidenheim 1846,Marnon Busch,208176,31,30.88,30.882956878850102,ESPN
GER-Bundesliga,2425,2024/2025,1. FC Heidenheim 1846,Marvin Pieringer,312389,31,26.22,26.223134839151268,ESPN
GER-Bundesliga,2425,2024/2025,1. FC Heidenheim 1846,Mathias Honsak,234457,22,28.53,28.525667351129364,ESPN
GER-Bundesliga,2425,2024/2025,1. FC Heidenheim 1846,Maximilian Breunig,307892,19,24.88,24.876112251882272,ESPN
GER-Bundesliga,2425,2024/2025,1. FC Heidenheim 1846,Mikkel Kaufmann,277107,13,24.33,24.331279945242983,ESPN
GER-Bundesliga,2425,2024/2025,1. FC Heidenheim 1846,Niklas Dorsch,225567,23,27.46,27.45516769336071,ESPN
GER-Bundesliga,2425,2024/2025,1. FC Heidenheim 1846,Norman Theuerkauf,117279,18,38.43,38.431211498973305,ESPN
GER-Bundesliga,2425,2024/2025,1. FC Heidenheim 1846,Omar-Haktab Traoré,291914,32,27.24,27.24435318275154,ESPN
GER-Bundesliga,2425,2024/2025,1. FC Heidenheim 1846,Patrick Mainka,184075,34,31.05,31.052703627652292,ESPN
GER-Bundesliga,2425,2024/2025,1. FC Heidenheim 1846,Paul Wanner,333399,33,19.52,19.51813826146475,ESPN
GER-Bundesliga,2425,2024/2025,1. FC Heidenheim 1846,Sirlord Conteh,307508,33,28.81,28.810403832991103,ESPN
GER-Bundesliga,2425,2024/2025,1. FC Heidenheim 1846,Stefan Schimmer,261221,19,31.17,31.173169062286107,ESPN
GER-Bundesliga,2425,2024/2025,1. FC Heidenheim 1846,Thomas Keller,291737,20,26.15,26.146475017111566,ESPN
GER-Bundesliga,2425,2024/2025,1. FC Heidenheim 1846,Tim Siersleben,290208,34,24.82,24.82135523613963,ESPN
GER-Bundesliga,2425,2024/2025,1. FC Heidenheim 1846,Vitus Eicher,149555,19,35.14,35.13757700205339,ESPN
GER-Bundesliga,2425,2024/2025,1. FC Union Berlin,Alexander Schwolow,156416,32,33.4,33.39630390143737,ESPN
GER-Bundesliga,2425,2024/2025,1. FC Union Berlin,Aljoscha Kemlein,349922,19,21.39,21.39082819986311,ESPN
GER-Bundesliga,2425,2024/2025,1. FC Union Berlin,Andrej Ilic,341441,16,25.32,25.322381930184804,ESPN
GER-Bundesliga,2425,2024/2025,1. FC Union Berlin,András Schäfer,284702,33,26.21,26.21492128678987,ESPN
GER-Bundesliga,2425,2024/2025,1. FC Union Berlin,Benedict Hollerbach,307515,34,24.12,24.12046543463381,ESPN
GER-Bundesliga,2425,2024/2025,1. FC Union Berlin,Carl Klaus,221460,8,31.45,31.45242984257358,ESPN
GER-Bundesliga,2425,2024/2025,1. FC Union Berlin,Christopher Trimmel,146485,33,38.35,38.34633812457221,ESPN
GER-Bundesliga,2425,2024/2025,1. FC Union Berlin,Danilho Doekhi,233622,34,27.0,27.000684462696782,ESPN
GER-Bundesliga,2425,2024/2025,1. FC Union Berlin,David Preu,386438,7,20.68,20.67624914442163,ESPN
GER-Bundesliga,2425,2024/2025,1. FC Union Berlin,Diogo Leite,258910,30,26.43,26.43394934976044,ESPN
GER-Bundesliga,2425,2024/2025,1. FC Union Berlin,Frederik Ronnow,165424,28,33.23,33.22655715263518,ESPN
GER-Bundesliga,2425,2024/2025,1. FC Union Berlin,Ivan Prtajin,219719,12,29.13,29.127994524298426,ESPN
GER-Bundesliga,2425,2024/2025,1. FC Union Berlin,Janik Haberer,170604,34,31.4,31.40041067761807,ESPN
GER-Bundesliga,2425,2024/2025,1. FC Union Berlin,Jeong Woo-Yeong,276323,23,25.78,25.776865160848732,ESPN
GER-Bundesliga,2425,2024/2025,1. FC Union Berlin,Jordan Pefok,216035,20,29.18,29.177275838466805,ESPN
GER-Bundesliga,2425,2024/2025,1. FC Union Berlin,Josip Juranovic,222567,18,29.87,29.872689938398356,ESPN
GER-Bundesliga,2425,2024/2025,1. FC Union Berlin,Jérôme Roussillon,155600,17,32.08,32.07939767282683,ESPN
GER-Bundesliga,2425,2024/2025,1. FC Union Berlin,Kevin Vogt,132973,23,33.77,33.76865160848734,ESPN
GER-Bundesliga,2425,2024/2025,1. FC Union Berlin,Kevin Volland,149558,13,32.92,32.917180013689254,ESPN
GER-Bundesliga,2425,2024/2025,1. FC Union Berlin,Leopold Querfeld,330455,33,21.53,21.527720739219713,ESPN
GER-Bundesliga,2425,2024/2025,1. FC Union Berlin,Lucas Tousart,215574,26,28.17,28.16974674880219,ESPN
GER-Bundesliga,2425,2024/2025,1. FC Union Berlin,László Bénes,221047,30,27.81,27.805612594113622,ESPN
GER-Bundesliga,2425,2024/2025,1. FC Union Berlin,Marin Ljubicic,322098,14,23.33,23.3347022587269,ESPN
GER-Bundesliga,2425,2024/2025,1. FC Union Berlin,Oluwaseun Ogbemudia,377552,5,18.95,18.951403148528406,ESPN
GER-Bundesliga,2425,2024/2025,1. FC Union Berlin,Paul Jaeckel,271606,1,26.94,26.940451745379878,ESPN
GER-Bundesliga,2425,2024/2025,1. FC Union Berlin,Rani Khedira,159152,33,31.42,31.422313483915126,ESPN
GER-Bundesliga,2425,2024/2025,1. FC Union Berlin,Robert Skov,218596,20,29.11,29.111567419575632,ESPN
GER-Bundesliga,2425,2024/2025,1. FC Union Berlin,Robin Gosens,198087,1,31.15,31.148528405201915,ESPN
GER-Bundesliga,2425,2024/2025,1. FC Union Berlin,Tim Skarke,220796,34,28.97,28.974674880219027,ESPN
GER-Bundesliga,2425,2024/2025,1. FC Union Berlin,Tom Rothe,324269,30,20.67,20.66803559206023,ESPN
GER-Bundesliga,2425,2024/2025,1. FC Union Berlin,Yorbe Vertessen,291669,18,23.91,23.912388774811774,ESPN
GER-Bundesliga,2425,2024/2025,Bayer Leverkusen,Aleix García,219294,34,28.01,28.005475701574266,ESPN
GER-Bundesliga,2425,2024/2025,Bayer Leverkusen,Alejandro Grimaldo,166396,33,29.78,29.776865160848732,ESPN
GER-Bundesliga,2425,2024/2025,Bayer Leverkusen,Alejo Sarco,371484,5,19.08,19.080082135523615,ESPN
GER-Bundesliga,2425,2024/2025,Bayer Leverkusen,Amine Adli,291613,21,24.73,24.733744010951405,ESPN
GER-Bundesliga,2425,2024/2025,Bayer Leverkusen,Andrea Natali,386238,4,17.42,17.420944558521562,ESPN
GER-Bundesliga,2425,2024/2025,Bayer Leverkusen,Artem Stepanov,390471,8,17.73,17.727583846680357,ESPN
GER-Bundesliga,2425,2024/2025,Bayer Leverkusen,Arthur,334374,31,22.29,22.288843258042437,ESPN
GER-Bundesliga,2425,2024/2025,Bayer Leverkusen,Edmond Tapsoba,257287,31,26.41,26.406570841889117,ESPN
GER-Bundesliga,2425,2024/2025,Bayer Leverkusen,Emiliano Buendía,214375,15,28.51,28.511978097193705,ESPN
GER-Bundesliga,2425,2024/2025,Bayer Leverkusen,Exequiel Palacios,228393,30,27.14,27.140314852840522,ESPN
GER-Bundesliga,2425,2024/2025,Bayer Leverkusen,Florian Wirtz,303748,31,22.32,22.321697467488022,ESPN
GER-Bundesliga,2425,2024/2025,Bayer Leverkusen,Francis-Ikechukwu Onyeka,379180,10,18.17,18.171115674195757,ESPN
GER-Bundesliga,2425,2024/2025,Bayer Leverkusen,Granit Xhaka,149981,34,32.76,32.75564681724846,ESPN
GER-Bundesliga,2425,2024/2025,Bayer Leverkusen,Jeanuël Belocian,333927,10,20.36,20.36413415468857,ESPN
GER-Bundesliga,2425,2024/2025,Bayer Leverkusen,Jeremie Frimpong,281119,34,24.71,24.71457905544148,ESPN
GER-Bundesliga,2425,2024/2025,Bayer Leverkusen,Jonas Hofmann,174617,27,27.99,27.994524298425734,ESPN
GER-Bundesliga,2425,2024/2025,Bayer Leverkusen,Jonathan Tah,188052,33,28.66,28.657084188911703,ESPN
GER-Bundesliga,2425,2024/2025,Bayer Leverkusen,Kerim-Sam Alajbegovic,391034,5,17.77,17.7741273100616,ESPN
GER-Bundesliga,2425,2024/2025,Bayer Leverkusen,Lukas Hradecky,134169,33,35.6,35.59753593429158,ESPN
GER-Bundesliga,2425,2024/2025,Bayer Leverkusen,Mario Hermoso,222529,5,30.03,30.034223134839152,ESPN
GER-Bundesliga,2425,2024/2025,Bayer Leverkusen,Martin Terrier,241662,15,28.24,28.240930869267626,ESPN
GER-Bundesliga,2425,2024/2025,Bayer Leverkusen,Matej Kovar,277313,33,25.12,25.11978097193703,ESPN
GER-Bundesliga,2425,2024/2025,Bayer Leverkusen,Nathan Tella,263134,30,26.15,26.1492128678987,ESPN
GER-Bundesliga,2425,2024/2025,Bayer Leverkusen,Niklas Lomb,175069,12,31.92,31.923340177960302,ESPN
GER-Bundesliga,2425,2024/2025,Bayer Leverkusen,Nordi Mukiele,214188,27,28.47,28.465434633812457,ESPN
GER-Bundesliga,2425,2024/2025,Bayer Leverkusen,Odilon Kossounou,284822,1,24.25,24.246406570841888,ESPN
GER-Bundesliga,2425,2024/2025,Bayer Leverkusen,Patrik Schick,212330,33,29.43,29.43189596167009,ESPN
GER-Bundesliga,2425,2024/2025,Bayer Leverkusen,Piero Hincapié,292062,33,22.83,22.82819986310746,ESPN
GER-Bundesliga,2425,2024/2025,Bayer Leverkusen,Robert Andrich,180998,32,30.77,30.770704996577688,ESPN
GER-Bundesliga,2425,2024/2025,Bayer Leverkusen,Simeon Rapsch,403549,1,16.82,16.824093086926762,ESPN
GER-Bundesliga,2425,2024/2025,Bayer Leverkusen,Victor Boniface,287276,24,24.52,24.517453798767967,ESPN
GER-Bundesliga,2425,2024/2025,Bayern Munich,Adam Aznou,379032,13,19.39,19.394934976043807,ESPN
GER-Bundesliga,2425,2024/2025,Bayern Munich,Aleksandar Pavlovic,359370,24,21.32,21.319644079397673,ESPN
GER-Bundesliga,2425,2024/2025,Bayern Munich,Alphonso Davies,236721,21,25.38,25.38261464750171,ESPN
GER-Bundesliga,2425,2024/2025,Bayern Munich,Anthony Pavlesic,351364,2,19.41,19.411362080766597,ESPN
GER-Bundesliga,2425,2024/2025,Bayern Munich,Arijon Ibrahimovic,333400,6,19.63,19.630390143737166,ESPN
GER-Bundesliga,2425,2024/2025,Bayern Munich,Daniel Peretz,305926,17,24.73,24.72826830937714,ESPN
GER-Bundesliga,2425,2024/2025,Bayern Munich,Dayot Upamecano,222793,22,26.67,26.67488021902806,ESPN
GER-Bundesliga,2425,2024/2025,Bayern Munich,Eric Dier,155532,34,31.46,31.45516769336071,ESPN
GER-Bundesliga,2425,2024/2025,Bayern Munich,Gabriel Vidovic,323936,12,22.46,22.46406570841889,ESPN
GER-Bundesliga,2425,2024/2025,Bayern Munich,Harry Kane,142200,31,31.92,31.923340177960302,ESPN
GER-Bundesliga,2425,2024/2025,Bayern Munich,Hiroki Ito,97111,6,25.57,25.568788501026695,ESPN
GER-Bundesliga,2425,2024/2025,Bayern Munich,Jamal Musiala,303821,25,22.34,22.340862422997947,ESPN
GER-Bundesliga,2425,2024/2025,Bayern Munich,Jonah Kusi-Asare,369363,10,18.23,18.23134839151266,ESPN
GER-Bundesliga,2425,2024/2025,Bayern Munich,Jonas Urbig,323790,15,21.89,21.894592744695416,ESPN
GER-Bundesliga,2425,2024/2025,Bayern Munich,Joshua Kimmich,190161,33,29.91,29.911019849418206,ESPN
GER-Bundesliga,2425,2024/2025,Bayern Munich,Josip Stanisic,276329,16,25.4,25.401779603011637,ESPN
GER-Bundesliga,2425,2024/2025,Bayern Munich,João Palhinha,224144,23,29.81,29.812457221081452,ESPN
GER-Bundesliga,2425,2024/2025,Bayern Munich,Kim Min-Jae,157688,30,28.62,28.621492128678987,ESPN
GER-Bundesliga,2425,2024/2025,Bayern Munich,Kingsley Coman,184012,28,29.05,29.045859000684462,ESPN
GER-Bundesliga,2425,2024/2025,Bayern Munich,Konrad Laimer,169189,33,28.09,28.093086926762492,ESPN
GER-Bundesliga,2425,2024/2025,Bayern Munich,Lennart Karl,402841,3,17.35,17.352498288843258,ESPN
GER-Bundesliga,2425,2024/2025,Bayern Munich,Leon Goretzka,174550,31,30.08,30.078028747433265,ESPN
GER-Bundesliga,2425,2024/2025,Bayern Munich,Leroy Sané,202641,32,28.66,28.659822039698838,ESPN
GER-Bundesliga,2425,2024/2025,Bayern Munich,Manuel Neuer,84774,23,39.26,39.26078028747433,ESPN
GER-Bundesliga,2425,2024/2025,Bayern Munich,Mathys Tel,325042,17,20.18,20.175222450376456,ESPN
GER-Bundesliga,2425,2024/2025,Bayern Munich,Max Schmitt,372028,2,19.45,19.446954140999317,ESPN
GER-Bundesliga,2425,2024/2025,Bayern Munich,Michael Olise,286831,34,23.55,23.548254620123203,ESPN
GER-Bundesliga,2425,2024/2025,Bayern Munich,Noël Aséko,352179,2,19.6,19.603011635865844,ESPN
GER-Bundesliga,2425,2024/2025,Bayern Munich,Raphaël Guerreiro,176228,32,31.52,31.520876112251884,ESPN
GER-Bundesliga,2425,2024/2025,Bayern Munich,Sacha Boey,287225,22,24.79,24.79397672826831,ESPN
GER-Bundesliga,2425,2024/2025,Bayern Munich,Serge Gnabry,178980,29,29.96,29.963039014373717,ESPN
GER-Bundesliga,2425,2024/2025,Bayern Munich,Sven Ulreich,113733,16,37.31,37.31143052703628,ESPN
GER-Bundesliga,2425,2024/2025,Bayern Munich,Thomas Müller,123465,34,35.79,35.794661190965094,ESPN
GER-Bundesliga,2425,2024/2025,Bayern Munich,Wisdom Mike,399864,1,16.76,16.763860369609855,ESPN
GER-Bundesliga,2425,2024/2025,Borussia Dortmund,Alexander Meyer,178380,33,34.21,34.21492128678987,ESPN
GER-Bundesliga,2425,2024/2025,Borussia Dortmund,Almugera Kabar,372034,17,19.07,19.066392881587955,ESPN
GER-Bundesliga,2425,2024/2025,Borussia Dortmund,Ayman Azhil,298348,8,23.74,23.737166324435318,ESPN
GER-Bundesliga,2425,2024/2025,Borussia Dortmund,Carney Chukwuemeka,294317,11,21.69,21.694729637234772,ESPN
GER-Bundesliga,2425,2024/2025,Borussia Dortmund,Cole Campbell,379024,12,19.36,19.356605065023956,ESPN
GER-Bundesliga,2425,2024/2025,Borussia Dortmund,Daniel Svensson,310709,12,22.58,22.576317590691307,ESPN
GER-Bundesliga,2425,2024/2025,Borussia Dortmund,David Lelle,340524,1,21.82,21.82340862422998,ESPN
GER-Bundesliga,2425,2024/2025,Borussia Dortmund,Donyell Malen,259481,16,26.44,26.444900752908968,ESPN
GER-Bundesliga,2425,2024/2025,Borussia Dortmund,Emre Can,159142,31,30.58,30.579055441478438,ESPN
GER-Bundesliga,2425,2024/2025,Borussia Dortmund,Felix Nmecha,281122,26,24.72,24.720054757015742,ESPN
GER-Bundesliga,2425,2024/2025,Borussia Dortmund,Filippo Mané,387437,6,19.91,19.906913073237508,ESPN
GER-Bundesliga,2425,2024/2025,Borussia Dortmund,Giovanni Reyna,290230,26,22.63,22.628336755646817,ESPN
GER-Bundesliga,2425,2024/2025,Borussia Dortmund,Gregor Kobel,238544,32,28.05,28.04928131416838,ESPN
GER-Bundesliga,2425,2024/2025,Borussia Dortmund,Jamie Gittens,339879,34,20.89,20.892539356605067,ESPN
GER-Bundesliga,2425,2024/2025,Borussia Dortmund,Jordi Paulina,372984,3,20.77,20.76659822039699,ESPN
GER-Bundesliga,2425,2024/2025,Borussia Dortmund,Julian Brandt,197628,30,29.4,29.399041752224505,ESPN
GER-Bundesliga,2425,2024/2025,Borussia Dortmund,Julian Ryerson,222991,29,27.62,27.616700889801507,ESPN
GER-Bundesliga,2425,2024/2025,Borussia Dortmund,Julien Duranville,341375,29,19.15,19.15400410677618,ESPN
GER-Bundesliga,2425,2024/2025,Borussia Dortmund,Karim Adeyemi,274913,25,23.45,23.446954140999317,ESPN
GER-Bundesliga,2425,2024/2025,Borussia Dortmund,Kjell-Arik Wätjen,365788,11,19.37,19.367556468172484,ESPN
GER-Bundesliga,2425,2024/2025,Borussia Dortmund,Marcel Lotka,304903,4,24.1,24.098562628336754,ESPN
GER-Bundesliga,2425,2024/2025,Borussia Dortmund,Marcel Sabitzer,173907,27,31.29,31.288158795345655,ESPN
GER-Bundesliga,2425,2024/2025,Borussia Dortmund,Maximilian Beier,290639,30,22.7,22.702258726899384,ESPN
GER-Bundesliga,2425,2024/2025,Borussia Dortmund,Nico Schlotterbeck,286828,23,26.46,26.46406570841889,ESPN
GER-Bundesliga,2425,2024/2025,Borussia Dortmund,Niklas Jessen,336625,1,22.23,22.2258726899384,ESPN
GER-Bundesliga,2425,2024/2025,Borussia Dortmund,Niklas Süle,186263,21,30.31,30.310746064339494,ESPN
GER-Bundesliga,2425,2024/2025,Borussia Dortmund,Pascal Groß,132659,30,34.04,34.04243668720055,ESPN
GER-Bundesliga,2425,2024/2025,Borussia Dortmund,Ramy Bensebaini,220703,31,30.21,30.206707734428473,ESPN
GER-Bundesliga,2425,2024/2025,Borussia Dortmund,Rodney Elongo-Yombo,395793,2,23.93,23.926078028747433,ESPN
GER-Bundesliga,2425,2024/2025,Borussia Dortmund,Salih Özcan,225563,15,26.66,26.661190965092402,ESPN
GER-Bundesliga,2425,2024/2025,Borussia Dortmund,Serhou Guirassy,186381,30,28.57,28.57221081451061,ESPN
GER-Bundesliga,2425,2024/2025,Borussia Dortmund,Sébastien Haller,164171,1,31.02,31.02258726899384,ESPN
GER-Bundesliga,2425,2024/2025,Borussia Dortmund,Waldemar Anton,220714,29,28.94,28.944558521560573,ESPN
GER-Bundesliga,2425,2024/2025,Borussia Dortmund,Yan Couto,297084,29,23.32,23.318275154004105,ESPN
GER-Bundesliga,2425,2024/2025,Borussia Dortmund,Yannik Lührs,345424,10,21.81,21.806981519507186,ESPN
GER-Bundesliga,2425,2024/2025,Borussia Mönchengladbach,Alassane Pléa,168318,32,31.74,31.73990417522245,ESPN
GER-Bundesliga,2425,2024/2025,Borussia Mönchengladbach,Charles Herrmann,372031,2,19.44,19.43874058863792,ESPN
GER-Bundesliga,2425,2024/2025,Borussia Mönchengladbach,Fabio Chiarodia,323061,33,20.15,20.150581793292265,ESPN
GER-Bundesliga,2425,2024/2025,Borussia Mönchengladbach,Florian Neuhaus,238527,30,28.29,28.290212183436,ESPN
GER-Bundesliga,2425,2024/2025,Borussia Mönchengladbach,Franck Honorat,196029,20,28.64,28.640657084188913,ESPN
GER-Bundesliga,2425,2024/2025,Borussia Mönchengladbach,Grant-Leon Ranos,323935,7,21.95,21.946611909650922,ESPN
GER-Bundesliga,2425,2024/2025,Borussia Mönchengladbach,Joe Scally,272135,33,22.5,22.496919917864478,ESPN
GER-Bundesliga,2425,2024/2025,Borussia Mönchengladbach,Jonas Omlin,238418,23,30.75,30.746064339493497,ESPN
GER-Bundesliga,2425,2024/2025,Borussia Mönchengladbach,Julian Weigl,200192,33,29.89,29.89185489390828,ESPN
GER-Bundesliga,2425,2024/2025,Borussia Mönchengladbach,Kevin Stöger,175006,34,31.84,31.84120465434634,ESPN
GER-Bundesliga,2425,2024/2025,Borussia Mönchengladbach,Kou Itakura,238033,31,28.42,28.421629021218344,ESPN
GER-Bundesliga,2425,2024/2025,Borussia Mönchengladbach,Luca Netz,303765,27,22.13,22.127310061601644,ESPN
GER-Bundesliga,2425,2024/2025,Borussia Mönchengladbach,Lukas Ullrich,346617,29,21.29,21.28952772073922,ESPN
GER-Bundesliga,2425,2024/2025,Borussia Mönchengladbach,Marvin Friedrich,202642,31,29.55,29.54688569472964,ESPN
GER-Bundesliga,2425,2024/2025,Borussia Mönchengladbach,Moritz Nicolas,238536,22,27.69,27.690622861054074,ESPN
GER-Bundesliga,2425,2024/2025,Borussia Mönchengladbach,Nathan N'Goumou,282676,20,25.3,25.295003422313485,ESPN
GER-Bundesliga,2425,2024/2025,Borussia Mönchengladbach,Nico Elvedi,212237,27,28.75,28.747433264887064,ESPN
GER-Bundesliga,2425,2024/2025,Borussia Mönchengladbach,Niklas Swider,397566,4,18.17,18.16563997262149,ESPN
GER-Bundesliga,2425,2024/2025,Borussia Mönchengladbach,Noah Pesch,397565,5,20.12,20.11772758384668,ESPN
GER-Bundesliga,2425,2024/2025,Borussia Mönchengladbach,Philipp Sander,275805,28,27.35,27.353867214236825,ESPN
GER-Bundesliga,2425,2024/2025,Borussia Mönchengladbach,Robin Hack,258876,34,26.84,26.84188911704312,ESPN
GER-Bundesliga,2425,2024/2025,Borussia Mönchengladbach,Rocco Reitz,307364,27,23.09,23.08829568788501,ESPN
GER-Bundesliga,2425,2024/2025,Borussia Mönchengladbach,Shio Fukuda,362673,24,20.9,20.903490759753595,ESPN
GER-Bundesliga,2425,2024/2025,Borussia Mönchengladbach,Stefan Lainer,214635,33,32.84,32.84052019164955,ESPN
GER-Bundesliga,2425,2024/2025,Borussia Mönchengladbach,Tiago Pereira,344654,11,18.99,18.989733059548254,ESPN
GER-Bundesliga,2425,2024/2025,Borussia Mönchengladbach,Tim Kleindienst,185906,31,29.83,29.831622176591377,ESPN
GER-Bundesliga,2425,2024/2025,Borussia Mönchengladbach,Tobias Sippel,122273,15,37.27,37.27310061601643,ESPN
GER-Bundesliga,2425,2024/2025,Borussia Mönchengladbach,Tomas Cvancara,307755,33,24.88,24.878850102669404,ESPN
GER-Bundesliga,2425,2024/2025,Borussia Mönchengladbach,Veit Stange,362406,1,20.91,20.908966461327857,ESPN
GER-Bundesliga,2425,2024/2025,Eintracht Frankfurt,Amil Siljevic,397160,1,18.44,18.444900752908968,ESPN
GER-Bundesliga,2425,2024/2025,Eintracht Frankfurt,Ansgar Knauff,305555,31,22.75,22.746064339493497,ESPN
GER-Bundesliga,2425,2024/2025,Eintracht Frankfurt,Arthur Theate,304222,31,25.1,25.097878165639973,ESPN
GER-Bundesliga,2425,2024/2025,Eintracht Frankfurt,Aurèle Amenda,319404,24,21.92,21.916495550992472,ESPN
GER-Bundesliga,2425,2024/2025,Eintracht Frankfurt,Can Uzun,355369,33,19.63,19.633127994524298,ESPN
GER-Bundesliga,2425,2024/2025,Eintracht Frankfurt,Eba Is,397536,1,17.47,17.470225872689937,ESPN
GER-Bundesliga,2425,2024/2025,Eintracht Frankfurt,Ellyes Skhiri,209595,32,29.74,29.73579739904175,ESPN
GER-Bundesliga,2425,2024/2025,Eintracht Frankfurt,Elye Wahi,311118,11,22.41,22.409308692676248,ESPN
GER-Bundesliga,2425,2024/2025,Eintracht Frankfurt,Farès Chaïbi,337306,30,22.59,22.587268993839835,ESPN
GER-Bundesliga,2425,2024/2025,Eintracht Frankfurt,Hugo Ekitike,304901,33,23.03,23.028062970568104,ESPN
GER-Bundesliga,2425,2024/2025,Eintracht Frankfurt,Hugo Larsson,336460,33,21.01,21.00752908966461,ESPN
GER-Bundesliga,2425,2024/2025,Eintracht Frankfurt,Igor Matanovic,310883,22,22.25,22.250513347022586,ESPN
GER-Bundesliga,2425,2024/2025,Eintracht Frankfurt,Jean-Mattéo Bahoya,346662,28,19.99,19.98631074606434,ESPN
GER-Bundesliga,2425,2024/2025,Eintracht Frankfurt,Jens Grahl,122396,12,36.77,36.76933607118412,ESPN
GER-Bundesliga,2425,2024/2025,Eintracht Frankfurt,Junior Dina Ebimbe,287645,9,24.61,24.605065023956193,ESPN
GER-Bundesliga,2425,2024/2025,Eintracht Frankfurt,Kauã Santos,338950,29,21.65,21.65366187542779,ESPN
GER-Bundesliga,2425,2024/2025,Eintracht Frankfurt,Kevin Trapp,122280,26,34.9,34.89664613278576,ESPN
GER-Bundesliga,2425,2024/2025,Eintracht Frankfurt,Mahmoud Dahoud,191098,25,29.49,29.49486652977413,ESPN
GER-Bundesliga,2425,2024/2025,Eintracht Frankfurt,Mario Götze,143020,28,33.32,33.31690622861054,ESPN
GER-Bundesliga,2425,2024/2025,Eintracht Frankfurt,Michy Batshuayi,156479,14,32.38,32.38329911019849,ESPN
GER-Bundesliga,2425,2024/2025,Eintracht Frankfurt,Nathaniel Brown,120829,28,22.04,22.039698836413415,ESPN
GER-Bundesliga,2425,2024/2025,Eintracht Frankfurt,Niels Nkounkou,298030,27,25.47,25.467488021902806,ESPN
GER-Bundesliga,2425,2024/2025,Eintracht Frankfurt,Nnamdi Collins,305556,31,20.74,20.744695414099933,ESPN
GER-Bundesliga,2425,2024/2025,Eintracht Frankfurt,Noah Fenyö,387335,1,19.41,19.41409993155373,ESPN
GER-Bundesliga,2425,2024/2025,Eintracht Frankfurt,Omar Marmoush,303745,17,26.0,25.9958932238193,ESPN
GER-Bundesliga,2425,2024/2025,Eintracht Frankfurt,Oscar Højlund,365997,23,20.25,20.246406570841888,ESPN
GER-Bundesliga,2425,2024/2025,Eintracht Frankfurt,Rasmus Kristensen,234787,30,27.64,27.644079397672826,ESPN
GER-Bundesliga,2425,2024/2025,Eintracht Frankfurt,Robin Koch,208285,30,28.95,28.95277207392197,ESPN
GER-Bundesliga,2425,2024/2025,Eintracht Frankfurt,Timothy Chandler,128521,10,35.26,35.25530458590007,ESPN
GER-Bundesliga,2425,2024/2025,Eintracht Frankfurt,Tuta,283224,30,26.23,26.23134839151266,ESPN
GER-Bundesliga,2425,2024/2025,FC Augsburg,Alexis Claude-Maurice,228503,31,27.07,27.066392881587955,ESPN
GER-Bundesliga,2425,2024/2025,FC Augsburg,Arne Engels,314177,1,21.89,21.89185489390828,ESPN
GER-Bundesliga,2425,2024/2025,FC Augsburg,Arne Maier,231178,32,25.91,25.913757700205338,ESPN
GER-Bundesliga,2425,2024/2025,FC Augsburg,Chrislain Matsima,297165,32,23.13,23.12662559890486,ESPN
GER-Bundesliga,2425,2024/2025,FC Augsburg,Cédric Zesiger,245808,15,27.02,27.017111567419576,ESPN
GER-Bundesliga,2425,2024/2025,FC Augsburg,Daniel Klein,321060,5,24.3,24.298425735797398,ESPN
GER-Bundesliga,2425,2024/2025,FC Augsburg,David Deger,383901,1,25.38,25.377138945927445,ESPN
GER-Bundesliga,2425,2024/2025,FC Augsburg,Dimitris Giannoulis,223139,31,29.7,29.702943189596166,ESPN
GER-Bundesliga,2425,2024/2025,FC Augsburg,Elvis Rexhbecaj,259055,31,28.47,28.465434633812457,ESPN
GER-Bundesliga,2425,2024/2025,FC Augsburg,Felix Meiser,400233,6,18.45,18.45311430527036,ESPN
GER-Bundesliga,2425,2024/2025,FC Augsburg,Finn Dahmen,228507,29,27.26,27.260780287474333,ESPN
GER-Bundesliga,2425,2024/2025,FC Augsburg,Frank Onyeka,258491,31,27.49,27.49349760438056,ESPN
GER-Bundesliga,2425,2024/2025,FC Augsburg,Fredrik Oldrup Jensen,221227,22,32.12,32.11772758384668,ESPN
GER-Bundesliga,2425,2024/2025,FC Augsburg,Henri Koudossou,343976,26,26.31,26.310746064339494,ESPN
GER-Bundesliga,2425,2024/2025,FC Augsburg,Jeffrey Gouweleeuw,140624,33,33.73,33.73032169746749,ESPN
GER-Bundesliga,2425,2024/2025,FC Augsburg,Juan Cabrera,47969,3,22.34,22.338124572210816,ESPN
GER-Bundesliga,2425,2024/2025,FC Augsburg,Keven Schlotterbeck,274893,28,28.17,28.17248459958932,ESPN
GER-Bundesliga,2425,2024/2025,FC Augsburg,Kristijan Jakic,238929,31,28.13,28.128678986995208,ESPN
GER-Bundesliga,2425,2024/2025,FC Augsburg,Mads Pedersen,162386,11,29.47,29.472963723477072,ESPN
GER-Bundesliga,2425,2024/2025,FC Augsburg,Mahmut Kücüksahin,384502,2,20.99,20.98836413415469,ESPN
GER-Bundesliga,2425,2024/2025,FC Augsburg,Marius Wolf,207623,32,30.09,30.094455852156056,ESPN
GER-Bundesliga,2425,2024/2025,FC Augsburg,Maximilian Bauer,184551,18,24.82,24.824093086926762,ESPN
GER-Bundesliga,2425,2024/2025,FC Augsburg,Mergim Berisha,251413,3,26.65,26.650239561943874,ESPN
GER-Bundesliga,2425,2024/2025,FC Augsburg,Mert Kömür,359207,29,19.95,19.953456536618756,ESPN
GER-Bundesliga,2425,2024/2025,FC Augsburg,Nediljko Labrovic,322693,34,25.72,25.72210814510609,ESPN
GER-Bundesliga,2425,2024/2025,FC Augsburg,Niklas Dorsch,225567,1,27.46,27.45516769336071,ESPN
GER-Bundesliga,2425,2024/2025,FC Augsburg,Noahkai Banks,376514,20,19.46,19.463381245722108,ESPN
GER-Bundesliga,2425,2024/2025,FC Augsburg,Phillip Tietz,234376,34,27.81,27.811088295687885,ESPN
GER-Bundesliga,2425,2024/2025,FC Augsburg,Robert Gumny,235180,11,27.23,27.23340177960301,ESPN
GER-Bundesliga,2425,2024/2025,FC Augsburg,Rubén Vargas,259513,10,27.15,27.145790554414784,ESPN
GER-Bundesliga,2425,2024/2025,FC Augsburg,Samuel Essende,278791,31,27.43,27.433264887063654,ESPN
GER-Bundesliga,2425,2024/2025,FC Augsburg,Steve Mounié,192672,27,30.75,30.751540041067763,ESPN
GER-Bundesliga,2425,2024/2025,FC Augsburg,Tim Breithaupt,309634,15,23.0,22.99520876112252,ESPN
GER-Bundesliga,2425,2024/2025,FC Augsburg,Yusuf Kabadayi,346745,12,21.41,21.4072553045859,ESPN
GER-Bundesliga,2425,2024/2025,Holstein Kiel,Alexander Bernhardsson,301370,20,26.89,26.8911704312115,ESPN
GER-Bundesliga,2425,2024/2025,Holstein Kiel,Andu Kelati,388786,15,22.88,22.88021902806297,ESPN
GER-Bundesliga,2425,2024/2025,Holstein Kiel,Armin Gigovic,288932,33,23.07,23.071868583162217,ESPN
GER-Bundesliga,2425,2024/2025,Holstein Kiel,Benedikt Pichler,289933,23,27.95,27.94524298425736,ESPN
GER-Bundesliga,2425,2024/2025,Holstein Kiel,Carl Johansson,193351,17,31.1,31.104722792607802,ESPN
GER-Bundesliga,2425,2024/2025,Holstein Kiel,David Zec,311534,18,25.16,25.163586584531142,ESPN
GER-Bundesliga,2425,2024/2025,Holstein Kiel,Dominik Javorcek,304962,25,23.38,23.381245722108144,ESPN
GER-Bundesliga,2425,2024/2025,Holstein Kiel,Finn Porath,221671,32,28.35,28.347707049965777,ESPN
GER-Bundesliga,2425,2024/2025,Holstein Kiel,Ivan Nekic,399191,2,24.51,24.514715947980836,ESPN
GER-Bundesliga,2425,2024/2025,Holstein Kiel,Jann-Fiete Arp,261164,32,25.08,25.078713210130047,ESPN
GER-Bundesliga,2425,2024/2025,Holstein Kiel,John Tolkin,279290,13,22.92,22.915811088295687,ESPN
GER-Bundesliga,2425,2024/2025,Holstein Kiel,Lasse Rosenboom,344856,34,23.44,23.444216290212182,ESPN
GER-Bundesliga,2425,2024/2025,Holstein Kiel,Lewis Holtby,122289,26,34.78,34.78165639972622,ESPN
GER-Bundesliga,2425,2024/2025,Holstein Kiel,Magnus Knudsen,287274,33,24.04,24.041067761806982,ESPN
GER-Bundesliga,2425,2024/2025,Holstein Kiel,Marcel Engelhardt,184582,7,32.16,32.15605749486653,ESPN
GER-Bundesliga,2425,2024/2025,Holstein Kiel,Marco Komenda,205946,25,28.59,28.591375770020534,ESPN
GER-Bundesliga,2425,2024/2025,Holstein Kiel,Marko Ivezic,338304,33,24.38,24.37782340862423,ESPN
GER-Bundesliga,2425,2024/2025,Holstein Kiel,Marvin Schulz,205779,24,20.65,20.65160848733744,ESPN
GER-Bundesliga,2425,2024/2025,Holstein Kiel,Max Geschwill,312543,29,23.98,23.980835044490075,ESPN
GER-Bundesliga,2425,2024/2025,Holstein Kiel,Nicolai Remberg,321226,32,25.03,25.02943189596167,ESPN
GER-Bundesliga,2425,2024/2025,Holstein Kiel,Patrick Erras,227043,10,30.44,30.439425051334702,ESPN
GER-Bundesliga,2425,2024/2025,Holstein Kiel,Phil Harres,321202,27,23.27,23.266255989048595,ESPN
GER-Bundesliga,2425,2024/2025,Holstein Kiel,Shuto Machino,271352,34,25.75,25.749486652977414,ESPN
GER-Bundesliga,2425,2024/2025,Holstein Kiel,Steven Skrzybski,149963,24,32.61,32.61327857631759,ESPN
GER-Bundesliga,2425,2024/2025,Holstein Kiel,Thomas Dähne,198171,34,31.25,31.247091033538673,ESPN
GER-Bundesliga,2425,2024/2025,Holstein Kiel,Timo Becker,169481,31,28.27,28.265571526351813,ESPN
GER-Bundesliga,2425,2024/2025,Holstein Kiel,Timon Weiner,275807,32,26.45,26.4476386036961,ESPN
GER-Bundesliga,2425,2024/2025,Holstein Kiel,Tymoteusz Puchacz,258421,14,26.43,26.43394934976044,ESPN
GER-Bundesliga,2425,2024/2025,Mainz,Andreas Hanche-Olsen,218646,28,28.45,28.449007529089666,ESPN
GER-Bundesliga,2425,2024/2025,Mainz,Anthony Caci,241297,33,28.48,28.476386036960985,ESPN
GER-Bundesliga,2425,2024/2025,Mainz,Armindo Sieb,308843,34,22.37,22.365503080082135,ESPN
GER-Bundesliga,2425,2024/2025,Mainz,Arnaud Nordin,242738,13,27.04,27.0362765229295,ESPN
GER-Bundesliga,2425,2024/2025,Mainz,Aymen Barkok,249110,14,27.11,27.110198494182068,ESPN
GER-Bundesliga,2425,2024/2025,Mainz,Daniel Batz,149297,7,33.58,33.57973990417522,ESPN
GER-Bundesliga,2425,2024/2025,Mainz,Daniel Gleiber,392851,9,20.49,20.490075290896645,ESPN
GER-Bundesliga,2425,2024/2025,Mainz,Danny da Costa,154603,32,31.96,31.964407939767284,ESPN
GER-Bundesliga,2425,2024/2025,Mainz,Dominik Kohr,172997,28,31.41,31.411362080766597,ESPN
GER-Bundesliga,2425,2024/2025,Mainz,Gabriel Vidovic,323936,3,22.46,22.46406570841889,ESPN
GER-Bundesliga,2425,2024/2025,Mainz,Hong Hyun-Seok,271701,32,26.04,26.039698836413415,ESPN
GER-Bundesliga,2425,2024/2025,Mainz,Jonathan Burkardt,274887,29,24.64,24.643394934976044,ESPN
GER-Bundesliga,2425,2024/2025,Mainz,Kaishu Sano,357030,34,24.5,24.49828884325804,ESPN
GER-Bundesliga,2425,2024/2025,Mainz,Karim Onisiwo,224309,10,33.29,33.28678986995209,ESPN
GER-Bundesliga,2425,2024/2025,Mainz,Lasse Rieß,321057,34,23.93,23.926078028747433,ESPN
GER-Bundesliga,2425,2024/2025,Mainz,Lee Jae-Sung,134103,33,32.73,32.72553045859001,ESPN
GER-Bundesliga,2425,2024/2025,Mainz,Lennard Maloney,267798,15,25.89,25.88911704312115,ESPN
GER-Bundesliga,2425,2024/2025,Mainz,Marco Richter,259053,1,27.6,27.59753593429158,ESPN
GER-Bundesliga,2425,2024/2025,Mainz,Maxim Leitsch,238531,28,27.12,27.11841204654346,ESPN
GER-Bundesliga,2425,2024/2025,Mainz,Moritz Jenz,264245,23,26.17,26.168377823408623,ESPN
GER-Bundesliga,2425,2024/2025,Mainz,Nadiem Amiri,210818,30,28.67,28.673511293634498,ESPN
GER-Bundesliga,2425,2024/2025,Mainz,Nelson Weiper,351280,29,20.29,20.28747433264887,ESPN
GER-Bundesliga,2425,2024/2025,Mainz,Nikolas Veratschnig,334198,27,22.43,22.431211498973305,ESPN
GER-Bundesliga,2425,2024/2025,Mainz,Paul Nebel,307282,33,22.72,22.72142368240931,ESPN
GER-Bundesliga,2425,2024/2025,Mainz,Phillipp Mwene,239574,32,31.42,31.416837782340863,ESPN
GER-Bundesliga,2425,2024/2025,Mainz,Robin Zentner,206114,32,30.67,30.67214236824093,ESPN
GER-Bundesliga,2425,2024/2025,Mainz,Silvan Widmer,175905,33,32.16,32.158795345653665,ESPN
GER-Bundesliga,2425,2024/2025,Mainz,Stefan Bell,144620,23,33.85,33.8507871321013,ESPN
GER-Bundesliga,2425,2024/2025,RB Leipzig,Amadou Haidara,228557,30,27.41,27.411362080766597,ESPN
GER-Bundesliga,2425,2024/2025,RB Leipzig,André Silva,3368,17,30.05,30.053388090349078,ESPN
GER-Bundesliga,2425,2024/2025,RB Leipzig,Antonio Nusa,319368,25,20.2,20.202600958247775,ESPN
GER-Bundesliga,2425,2024/2025,RB Leipzig,Arthur Vermeeren,345805,32,19.99,19.994524298425734,ESPN
GER-Bundesliga,2425,2024/2025,RB Leipzig,Assan Ouédraogo,364897,5,18.82,18.817248459958932,ESPN
GER-Bundesliga,2425,2024/2025,RB Leipzig,Benjamin Henrichs,220711,15,28.35,28.347707049965777,ESPN
GER-Bundesliga,2425,2024/2025,RB Leipzig,Benjamin Sesko,289155,33,22.08,22.083504449007528,ESPN
GER-Bundesliga,2425,2024/2025,RB Leipzig,Castello Lukeba,319100,24,22.54,22.535249828884325,ESPN
GER-Bundesliga,2425,2024/2025,RB Leipzig,Christoph Baumgartner,274897,32,26.48,26.47501711156742,ESPN
GER-Bundesliga,2425,2024/2025,RB Leipzig,David Raum,249548,24,27.19,27.189596167008897,ESPN
GER-Bundesliga,2425,2024/2025,RB Leipzig,El Chadaille Bitshiabu,304740,28,20.12,20.123203285420946,ESPN
GER-Bundesliga,2425,2024/2025,RB Leipzig,Eljif Elmas,237435,12,25.77,25.765913757700204,ESPN
GER-Bundesliga,2425,2024/2025,RB Leipzig,Faik Sakar,397212,4,17.46,17.45927446954141,ESPN
GER-Bundesliga,2425,2024/2025,RB Leipzig,Jonathan Norbye,384500,5,18.26,18.26420260095825,ESPN
GER-Bundesliga,2425,2024/2025,RB Leipzig,Kevin Kampl,141055,28,34.8,34.80355920602327,ESPN
GER-Bundesliga,2425,2024/2025,RB Leipzig,Kosta Nedeljkovic,365367,14,19.54,19.537303216974674,ESPN
GER-Bundesliga,2425,2024/2025,RB Leipzig,Leopold Zingerle,200079,14,30.74,30.7378507871321,ESPN
GER-Bundesliga,2425,2024/2025,RB Leipzig,Lionel Voufack,388685,5,17.97,17.973990417522245,ESPN
GER-Bundesliga,2425,2024/2025,RB Leipzig,Loïs Openda,276265,33,25.37,25.36892539356605,ESPN
GER-Bundesliga,2425,2024/2025,RB Leipzig,Lukas Klostermann,201803,31,29.32,29.31690622861054,ESPN
GER-Bundesliga,2425,2024/2025,RB Leipzig,Lutsharel Geertruida,264828,31,24.95,24.95003422313484,ESPN
GER-Bundesliga,2425,2024/2025,RB Leipzig,Maarten Vandevoordt,277377,34,23.34,23.340177960301162,ESPN
GER-Bundesliga,2425,2024/2025,RB Leipzig,Mika Walther,403403,1,17.76,17.760438056125942,ESPN
GER-Bundesliga,2425,2024/2025,RB Leipzig,Mohamed Simakan,277306,1,25.32,25.319644079397673,ESPN
GER-Bundesliga,2425,2024/2025,RB Leipzig,Nicolas Seiwald,305956,32,24.24,24.23545516769336,ESPN
GER-Bundesliga,2425,2024/2025,RB Leipzig,Nuha Jatta,379802,3,19.29,19.293634496919918,ESPN
GER-Bundesliga,2425,2024/2025,RB Leipzig,Péter Gulácsi,119620,31,35.07,35.069130732375086,ESPN
GER-Bundesliga,2425,2024/2025,RB Leipzig,Ridle Baku,258963,19,26.9,26.90485968514716,ESPN
GER-Bundesliga,2425,2024/2025,RB Leipzig,Robert Ramsak,372038,2,18.67,18.67214236824093,ESPN
GER-Bundesliga,2425,2024/2025,RB Leipzig,Tidiam Gomis,366911,14,18.89,18.89390828199863,ESPN
GER-Bundesliga,2425,2024/2025,RB Leipzig,Viggo Gebel,388683,16,17.6,17.60438056125941,ESPN
GER-Bundesliga,2425,2024/2025,RB Leipzig,Willi Orbán,162162,26,33.3,33.30321697467488,ESPN
GER-Bundesliga,2425,2024/2025,RB Leipzig,Xaver Schlager,238886,5,27.75,27.753593429158112,ESPN
GER-Bundesliga,2425,2024/2025,RB Leipzig,Xavi Simons,332962,25,22.19,22.193018480492814,ESPN
GER-Bundesliga,2425,2024/2025,RB Leipzig,Yussuf Poulsen,182245,24,31.04,31.041752224503764,ESPN
GER-Bundesliga,2425,2024/2025,SC Freiburg,Christian Günter,174618,34,32.33,32.33401779603012,ESPN
GER-Bundesliga,2425,2024/2025,SC Freiburg,Eren Dinkci,312112,25,23.55,23.54551676933607,ESPN
GER-Bundesliga,2425,2024/2025,SC Freiburg,Florent Muslija,256768,21,27.06,27.06365503080082,ESPN
GER-Bundesliga,2425,2024/2025,SC Freiburg,Florian Müller,122292,28,27.63,27.627652292950035,ESPN
GER-Bundesliga,2425,2024/2025,SC Freiburg,Ifechukwu Ogbus,387474,7,19.53,19.534565366187543,ESPN
GER-Bundesliga,2425,2024/2025,SC Freiburg,Jannik Huth,224246,12,31.21,31.208761122518823,ESPN
GER-Bundesliga,2425,2024/2025,SC Freiburg,Johan Manzambi,386992,20,19.71,19.709787816564,ESPN
GER-Bundesliga,2425,2024/2025,SC Freiburg,Jordy Makengo,367558,31,24.31,24.31211498973306,ESPN
GER-Bundesliga,2425,2024/2025,SC Freiburg,Junior Adamu,305957,30,24.07,24.06570841889117,ESPN
GER-Bundesliga,2425,2024/2025,SC Freiburg,Kenneth Schmidt,337080,1,23.32,23.318275154004105,ESPN
GER-Bundesliga,2425,2024/2025,SC Freiburg,Kiliann Sildillia,301279,29,23.12,23.123887748117728,ESPN
GER-Bundesliga,2425,2024/2025,SC Freiburg,Lucas Höler,238525,33,30.73,30.729637234770706,ESPN
GER-Bundesliga,2425,2024/2025,SC Freiburg,Lukas Kübler,171701,31,32.83,32.832306639288156,ESPN
GER-Bundesliga,2425,2024/2025,SC Freiburg,Matthias Ginter,170209,33,31.44,31.444216290212182,ESPN
GER-Bundesliga,2425,2024/2025,SC Freiburg,Max Rosenfelder,367557,27,21.74,21.744010951403148,ESPN
GER-Bundesliga,2425,2024/2025,SC Freiburg,Maximilian Eggestein,214203,34,28.88,28.88158795345654,ESPN
GER-Bundesliga,2425,2024/2025,SC Freiburg,Maximilian Philipp,202802,14,31.49,31.488021902806295,ESPN
GER-Bundesliga,2425,2024/2025,SC Freiburg,Merlin Röhl,311963,21,23.15,23.148528405201915,ESPN
GER-Bundesliga,2425,2024/2025,SC Freiburg,Michael Gregoritsch,146804,28,31.2,31.200547570157426,ESPN
GER-Bundesliga,2425,2024/2025,SC Freiburg,Nicolas Höfler,149570,34,34.82,34.822724161533195,ESPN
GER-Bundesliga,2425,2024/2025,SC Freiburg,Niklas Beste,231190,13,26.25,26.247775496235455,ESPN
GER-Bundesliga,2425,2024/2025,SC Freiburg,Noah Atubolu,321064,28,23.1,23.09924709103354,ESPN
GER-Bundesliga,2425,2024/2025,SC Freiburg,Noah Weißhaupt,321063,11,23.78,23.77549623545517,ESPN
GER-Bundesliga,2425,2024/2025,SC Freiburg,Patrick Osterhage,291203,31,25.49,25.492128678986994,ESPN
GER-Bundesliga,2425,2024/2025,SC Freiburg,Philipp Lienhart,219316,32,28.64,28.643394934976044,ESPN
GER-Bundesliga,2425,2024/2025,SC Freiburg,Ritsu Doan,219627,34,27.04,27.039014373716633,ESPN
GER-Bundesliga,2425,2024/2025,SC Freiburg,Roland Sallai,219444,2,28.11,28.10677618069815,ESPN
GER-Bundesliga,2425,2024/2025,SC Freiburg,Vincenzo Grifo,179571,34,31.99,31.98904859685147,ESPN
GER-Bundesliga,2425,2024/2025,SC Freiburg,Yann Sturm,399523,2,20.28,20.27652292950034,ESPN
GER-Bundesliga,2425,2024/2025,St. Pauli,Abdoulie Ceesay,387129,14,21.16,21.163586584531142,ESPN
GER-Bundesliga,2425,2024/2025,St. Pauli,Adam Dzwigala,280065,31,29.76,29.763175906913073,ESPN
GER-Bundesliga,2425,2024/2025,St. Pauli,Andreas Albers,239169,18,35.27,35.27173169062286,ESPN
GER-Bundesliga,2425,2024/2025,St. Pauli,Ben Voll,307489,24,24.8,24.79671457905544,ESPN
GER-Bundesliga,2425,2024/2025,St. Pauli,Carlo Boukhalfa,307516,32,26.32,26.321697467488022,ESPN
GER-Bundesliga,2425,2024/2025,St. Pauli,Connor Metcalfe,260643,13,26.14,26.138261464750173,ESPN
GER-Bundesliga,2425,2024/2025,St. Pauli,Danel Sinani,259453,33,28.16,28.15605749486653,ESPN
GER-Bundesliga,2425,2024/2025,St. Pauli,David Nemeth,283952,34,24.28,24.28473648186174,ESPN
GER-Bundesliga,2425,2024/2025,St. Pauli,Elias Saad,323950,19,25.51,25.508555783709788,ESPN
GER-Bundesliga,2425,2024/2025,St. Pauli,Emil Staugaard,396892,3,23.78,23.77549623545517,ESPN
GER-Bundesliga,2425,2024/2025,St. Pauli,Eric Anders Smith,204115,32,27.91,27.912388774811774,ESPN
GER-Bundesliga,2425,2024/2025,St. Pauli,Eric Oelschlägel,233170,10,29.78,29.776865160848732,ESPN
GER-Bundesliga,2425,2024/2025,St. Pauli,Erik Ahlstrand,312866,21,23.71,23.709787816564,ESPN
GER-Bundesliga,2425,2024/2025,St. Pauli,Fin Stevens,306889,16,21.74,21.738535249828885,ESPN
GER-Bundesliga,2425,2024/2025,St. Pauli,Hauke Wahl,207317,33,31.21,31.208761122518823,ESPN
GER-Bundesliga,2425,2024/2025,St. Pauli,Jackson Irvine,178071,29,31.99,31.991786447638603,ESPN
GER-Bundesliga,2425,2024/2025,St. Pauli,James Sands,258855,7,25.06,25.062286105407257,ESPN
GER-Bundesliga,2425,2024/2025,St. Pauli,Johannes Eggestein,225580,32,26.9,26.902121834360027,ESPN
GER-Bundesliga,2425,2024/2025,St. Pauli,Julien Yanda,396893,1,17.84,17.83983572895277,ESPN
GER-Bundesliga,2425,2024/2025,St. Pauli,Karol Mets,196297,10,32.12,32.12320328542094,ESPN
GER-Bundesliga,2425,2024/2025,St. Pauli,Lars Ritzka,253675,29,26.99,26.986995208761122,ESPN
GER-Bundesliga,2425,2024/2025,St. Pauli,Manolis Saliakas,202696,31,28.56,28.555783709787818,ESPN
GER-Bundesliga,2425,2024/2025,St. Pauli,Marwin Schmitz,394412,9,18.0,17.998631074606433,ESPN
GER-Bundesliga,2425,2024/2025,St. Pauli,Maurides,173741,4,30.74,30.740588637919235,ESPN
GER-Bundesliga,2425,2024/2025,St. Pauli,Morgan Guilavogui,305777,25,26.74,26.740588637919235,ESPN
GER-Bundesliga,2425,2024/2025,St. Pauli,Nikola Vasiljev,79941,33,30.38,30.379192334017795,ESPN
GER-Bundesliga,2425,2024/2025,St. Pauli,Noah Weißhaupt,321063,19,23.78,23.77549623545517,ESPN
GER-Bundesliga,2425,2024/2025,St. Pauli,Oladapo Afolayan,252916,34,27.64,27.638603696098563,ESPN
GER-Bundesliga,2425,2024/2025,St. Pauli,Philipp Treu,364596,33,25.3,25.300479123887747,ESPN
GER-Bundesliga,2425,2024/2025,St. Pauli,Robert Wagner,336760,14,21.96,21.963039014373717,ESPN
GER-Bundesliga,2425,2024/2025,St. Pauli,Romeo Aigbekaen,397578,1,21.02,21.021218343600275,ESPN
GER-Bundesliga,2425,2024/2025,St. Pauli,Ronny Seibt,394411,1,19.73,19.72895277207392,ESPN
GER-Bundesliga,2425,2024/2025,St. Pauli,Scott Banks,277674,22,23.76,23.759069130732374,ESPN
GER-Bundesliga,2425,2024/2025,St. Pauli,Siebe van der Heyden,240517,13,27.09,27.085557837097877,ESPN
GER-Bundesliga,2425,2024/2025,TSG Hoffenheim,Adam Hlozek,292169,27,22.93,22.93223819301848,ESPN
GER-Bundesliga,2425,2024/2025,TSG Hoffenheim,Alexander Prass,320939,27,24.1,24.095824777549623,ESPN
GER-Bundesliga,2425,2024/2025,TSG Hoffenheim,Andrej Kramaric,139520,32,34.03,34.03148528405202,ESPN
GER-Bundesliga,2425,2024/2025,TSG Hoffenheim,Anton Stach,304802,30,26.62,26.622861054072555,ESPN
GER-Bundesliga,2425,2024/2025,TSG Hoffenheim,Arthur Chaves,319530,28,24.42,24.416153319644078,ESPN
GER-Bundesliga,2425,2024/2025,TSG Hoffenheim,Attila Szalai,289536,1,27.44,27.44147843942505,ESPN
GER-Bundesliga,2425,2024/2025,TSG Hoffenheim,Bazoumana Touré,359108,14,19.4,19.4031485284052,ESPN
GER-Bundesliga,2425,2024/2025,TSG Hoffenheim,Christopher Lenz,222447,2,30.77,30.770704996577688,ESPN
GER-Bundesliga,2425,2024/2025,TSG Hoffenheim,David Jurásek,335996,24,24.98,24.97741273100616,ESPN
GER-Bundesliga,2425,2024/2025,TSG Hoffenheim,David Mokwa,398004,5,21.32,21.319644079397673,ESPN
GER-Bundesliga,2425,2024/2025,TSG Hoffenheim,Dennis Geiger,221466,25,26.73,26.732375085557837,ESPN
GER-Bundesliga,2425,2024/2025,TSG Hoffenheim,Diadie Samassekou,219466,14,28.66,28.659822039698838,ESPN
GER-Bundesliga,2425,2024/2025,TSG Hoffenheim,Erencan Yardimci,290402,13,23.24,23.24435318275154,ESPN
GER-Bundesliga,2425,2024/2025,TSG Hoffenheim,Finn Becker,287600,19,24.9,24.89801505817933,ESPN
GER-Bundesliga,2425,2024/2025,TSG Hoffenheim,Florian Grillitsch,219304,8,29.98,29.97946611909651,ESPN
GER-Bundesliga,2425,2024/2025,TSG Hoffenheim,Florian Micheler,389264,4,20.12,20.12046543463381,ESPN
GER-Bundesliga,2425,2024/2025,TSG Hoffenheim,Gift Orban,356402,17,22.95,22.954140999315538,ESPN
GER-Bundesliga,2425,2024/2025,TSG Hoffenheim,Grischa Prömel,218714,2,29.83,29.828884325804243,ESPN
GER-Bundesliga,2425,2024/2025,TSG Hoffenheim,Haris Tabakovic,184869,30,31.03,31.028062970568104,ESPN
GER-Bundesliga,2425,2024/2025,TSG Hoffenheim,Hennes Behrens,399214,2,20.44,20.4435318275154,ESPN
GER-Bundesliga,2425,2024/2025,TSG Hoffenheim,Ihlas Bebou,189541,1,31.19,31.186858316221766,ESPN
GER-Bundesliga,2425,2024/2025,TSG Hoffenheim,Jacob Bruun Larsen,233073,15,26.78,26.77891854893908,ESPN
GER-Bundesliga,2425,2024/2025,TSG Hoffenheim,Jakob Busk,170636,4,31.56,31.5564681724846,ESPN
GER-Bundesliga,2425,2024/2025,TSG Hoffenheim,Kevin Akpoguma,177652,34,30.2,30.198494182067076,ESPN
GER-Bundesliga,2425,2024/2025,TSG Hoffenheim,Lars Strobl,389265,1,20.21,20.20807665982204,ESPN
GER-Bundesliga,2425,2024/2025,TSG Hoffenheim,Leo Østigard,281736,11,25.59,25.587953456536617,ESPN
GER-Bundesliga,2425,2024/2025,TSG Hoffenheim,Luca Philipp,304795,34,24.59,24.58590006844627,ESPN
GER-Bundesliga,2425,2024/2025,TSG Hoffenheim,Luka Djuric,399219,1,22.03,22.034223134839152,ESPN
GER-Bundesliga,2425,2024/2025,TSG Hoffenheim,Marius Bulter,275797,25,32.25,32.25462012320329,ESPN
GER-Bundesliga,2425,2024/2025,TSG Hoffenheim,Max Moerstedt,372035,19,19.46,19.45516769336071,ESPN
GER-Bundesliga,2425,2024/2025,TSG Hoffenheim,Mergim Berisha,251413,13,26.65,26.650239561943874,ESPN
GER-Bundesliga,2425,2024/2025,TSG Hoffenheim,Noah Konig,324806,2,22.12,22.12183436002738,ESPN
GER-Bundesliga,2425,2024/2025,TSG Hoffenheim,Oliver Baumann,138213,28,35.39,35.39493497604381,ESPN
GER-Bundesliga,2425,2024/2025,TSG Hoffenheim,Paul Hennrich,397595,1,20.07,20.073921971252567,ESPN
GER-Bundesliga,2425,2024/2025,TSG Hoffenheim,Pavel Kaderábek,207401,28,33.18,33.18001368925393,ESPN
GER-Bundesliga,2425,2024/2025,TSG Hoffenheim,Robin Hranác,322510,19,25.42,25.418206707734427,ESPN
GER-Bundesliga,2425,2024/2025,TSG Hoffenheim,Stanley N'Soki,268808,30,25.82,25.82067077344285,ESPN
GER-Bundesliga,2425,2024/2025,TSG Hoffenheim,Tim Drexler,380916,11,20.07,20.073921971252567,ESPN
GER-Bundesliga,2425,2024/2025,TSG Hoffenheim,Tim Philipp,399212,2,19.52,19.523613963039015,ESPN
GER-Bundesliga,2425,2024/2025,TSG Hoffenheim,Tom Bischof,324660,31,20.01,20.005475701574266,ESPN
GER-Bundesliga,2425,2024/2025,TSG Hoffenheim,Umut Tohumcu,340683,20,20.64,20.640657084188913,ESPN
GER-Bundesliga,2425,2024/2025,TSG Hoffenheim,Valentin Gendrey,277301,24,25.02,25.023956194387406,ESPN
GER-Bundesliga,2425,2024/2025,VfB Stuttgart,Alexander Nübel,205750,34,28.75,28.747433264887064,ESPN
GER-Bundesliga,2425,2024/2025,VfB Stuttgart,Ameen Al Dakhil,323847,14,23.07,23.07460643394935,ESPN
GER-Bundesliga,2425,2024/2025,VfB Stuttgart,Angelo Stiller,290232,32,24.24,24.238193018480494,ESPN
GER-Bundesliga,2425,2024/2025,VfB Stuttgart,Anrie Chase,362672,15,21.27,21.267624914442163,ESPN
GER-Bundesliga,2425,2024/2025,VfB Stuttgart,Anthony Rouault,291614,18,24.09,24.087611225188226,ESPN
GER-Bundesliga,2425,2024/2025,VfB Stuttgart,Atakan Karazor,241742,32,28.71,28.711841204654345,ESPN
GER-Bundesliga,2425,2024/2025,VfB Stuttgart,Chris Führich,268951,33,26.83,26.82819986310746,ESPN
GER-Bundesliga,2425,2024/2025,VfB Stuttgart,Dan-Axel Zagadou,258870,3,26.32,26.31895961670089,ESPN
GER-Bundesliga,2425,2024/2025,VfB Stuttgart,Deniz Undav,273300,27,28.95,28.947296372347708,ESPN
GER-Bundesliga,2425,2024/2025,VfB Stuttgart,El Bilal Toure,287430,13,24.31,24.306639288158795,ESPN
GER-Bundesliga,2425,2024/2025,VfB Stuttgart,Enzo Millot,297158,31,22.95,22.954140999315538,ESPN
GER-Bundesliga,2425,2024/2025,VfB Stuttgart,Ermedin Demirovic,269136,34,27.27,27.266255989048595,ESPN
GER-Bundesliga,2425,2024/2025,VfB Stuttgart,Fabian Bredlow,201123,34,30.4,30.403832991101986,ESPN
GER-Bundesliga,2425,2024/2025,VfB Stuttgart,Fabian Rieder,308908,32,23.37,23.367556468172484,ESPN
GER-Bundesliga,2425,2024/2025,VfB Stuttgart,Finn Jeltsch,372026,13,18.95,18.954140999315538,ESPN
GER-Bundesliga,2425,2024/2025,VfB Stuttgart,Frans Krätzig,346749,5,22.46,22.458590006844627,ESPN
GER-Bundesliga,2425,2024/2025,VfB Stuttgart,Jacob Bruun Larsen,233073,17,26.78,26.77891854893908,ESPN
GER-Bundesliga,2425,2024/2025,VfB Stuttgart,Jamie Leweling,290811,27,24.34,24.33949349760438,ESPN
GER-Bundesliga,2425,2024/2025,VfB Stuttgart,Jarzinho Malanga,372027,5,18.73,18.729637234770706,ESPN
GER-Bundesliga,2425,2024/2025,VfB Stuttgart,Jeff Chabot,258909,31,26.58,26.576317590691307,ESPN
GER-Bundesliga,2425,2024/2025,VfB Stuttgart,Josha Vagnoman,266839,28,24.63,24.629705681040384,ESPN
GER-Bundesliga,2425,2024/2025,VfB Stuttgart,Justin Diehl,357684,9,20.59,20.588637919233403,ESPN
GER-Bundesliga,2425,2024/2025,VfB Stuttgart,Leonidas Stergiou,285866,16,23.33,23.326488706365502,ESPN
GER-Bundesliga,2425,2024/2025,VfB Stuttgart,Luca Jaquez,332574,13,22.4,22.39561943874059,ESPN
GER-Bundesliga,2425,2024/2025,VfB Stuttgart,Maximilian Mittelstädt,216225,32,28.28,28.28473648186174,ESPN
GER-Bundesliga,2425,2024/2025,VfB Stuttgart,Nick Woltemade,298349,33,23.37,23.37303216974675,ESPN
GER-Bundesliga,2425,2024/2025,VfB Stuttgart,Nikolas Nartey,259878,1,25.35,25.352498288843258,ESPN
GER-Bundesliga,2425,2024/2025,VfB Stuttgart,Pascal Stenzel,223266,31,29.28,29.27857631759069,ESPN
GER-Bundesliga,2425,2024/2025,VfB Stuttgart,Ramon Hendriks,289322,33,23.95,23.95071868583162,ESPN
GER-Bundesliga,2425,2024/2025,VfB Stuttgart,Silas Katompa-Mvumpa,279282,1,27.06,27.055441478439427,ESPN
GER-Bundesliga,2425,2024/2025,VfB Stuttgart,Stefan Drljaca,301319,1,26.2,26.195756331279945,ESPN
GER-Bundesliga,2425,2024/2025,VfB Stuttgart,Yannik Keitel,266657,29,25.37,25.371663244353183,ESPN
GER-Bundesliga,2425,2024/2025,VfL Bochum,Agon Elezi,275251,2,24.49,24.487337440109513,ESPN
GER-Bundesliga,2425,2024/2025,VfL Bochum,Aliou Baldé,297335,6,22.55,22.548939082819988,ESPN
GER-Bundesliga,2425,2024/2025,VfL Bochum,Anthony Losilla,150326,32,38.74,38.74058863791923,ESPN
GER-Bundesliga,2425,2024/2025,VfL Bochum,Bernardo,218980,21,30.13,30.130047912388775,ESPN
GER-Bundesliga,2425,2024/2025,VfL Bochum,Cristian Gamboa,141429,30,35.68,35.68240930869268,ESPN
GER-Bundesliga,2425,2024/2025,VfL Bochum,Dani de Wit,250528,33,27.42,27.419575633127995,ESPN
GER-Bundesliga,2425,2024/2025,VfL Bochum,Erhan Masovic,237807,29,26.6,26.60369609856263,ESPN
GER-Bundesliga,2425,2024/2025,VfL Bochum,Felix Passlack,225573,31,27.09,27.08829568788501,ESPN
GER-Bundesliga,2425,2024/2025,VfL Bochum,Georgios Masouras,239483,14,31.49,31.49349760438056,ESPN
GER-Bundesliga,2425,2024/2025,VfL Bochum,Gerrit Holtmann,218779,25,30.27,30.26694045174538,ESPN
GER-Bundesliga,2425,2024/2025,VfL Bochum,Ibrahim Sissoko,236004,32,29.59,29.590691307323752,ESPN
GER-Bundesliga,2425,2024/2025,VfL Bochum,Ivan Ordets,171967,24,32.9,32.8952772073922,ESPN
GER-Bundesliga,2425,2024/2025,VfL Bochum,Jakov Medic,291947,33,26.98,26.976043805612594,ESPN
GER-Bundesliga,2425,2024/2025,VfL Bochum,Kacper Koscierski,403558,1,18.02,18.02053388090349,ESPN
GER-Bundesliga,2425,2024/2025,VfL Bochum,Koji Miyoshi,195105,21,28.26,28.262833675564682,ESPN
GER-Bundesliga,2425,2024/2025,VfL Bochum,Lukas Daschner,255359,18,27.47,27.468856947296374,ESPN
GER-Bundesliga,2425,2024/2025,VfL Bochum,Mats Pannewig,346374,28,20.67,20.670773442847366,ESPN
GER-Bundesliga,2425,2024/2025,VfL Bochum,Matús Bero,191945,30,30.06,30.05886379192334,ESPN
GER-Bundesliga,2425,2024/2025,VfL Bochum,Maximilian Wittek,207139,33,29.86,29.859000684462696,ESPN
GER-Bundesliga,2425,2024/2025,VfL Bochum,Mohammed Tolba,346370,2,20.95,20.947296372347708,ESPN
GER-Bundesliga,2425,2024/2025,VfL Bochum,Moritz Broschinski,291976,34,24.77,24.76659822039699,ESPN
GER-Bundesliga,2425,2024/2025,VfL Bochum,Moritz-Broni Kwarteng,275804,11,27.17,27.173169062286107,ESPN
GER-Bundesliga,2425,2024/2025,VfL Bochum,Myron Boadu,259143,22,24.46,24.45722108145106,ESPN
GER-Bundesliga,2425,2024/2025,VfL Bochum,Noah Loosli,230964,8,28.43,28.432580424366872,ESPN
GER-Bundesliga,2425,2024/2025,VfL Bochum,Patrick Drewes,174521,33,32.24,32.24366872005476,ESPN
GER-Bundesliga,2425,2024/2025,VfL Bochum,Paul Grave,302588,1,23.74,23.737166324435318,ESPN
GER-Bundesliga,2425,2024/2025,VfL Bochum,Philipp Hofmann,169412,32,32.25,32.251882272416154,ESPN
GER-Bundesliga,2425,2024/2025,VfL Bochum,Samuel Bamba,355101,13,21.38,21.377138945927445,ESPN
GER-Bundesliga,2425,2024/2025,VfL Bochum,Tim Oermann,346376,33,22.06,22.05612594113621,ESPN
GER-Bundesliga,2425,2024/2025,VfL Bochum,Timo Horn,160021,34,31.57,31.567419575633128,ESPN
GER-Bundesliga,2425,2024/2025,VfL Bochum,Tom Krauss,283683,14,24.02,24.021902806297057,ESPN
GER-Bundesliga,2425,2024/2025,VfL Wolfsburg,Andreas Skov Olsen,259707,16,25.5,25.503080082135522,ESPN
GER-Bundesliga,2425,2024/2025,VfL Wolfsburg,Aster Vranckx,290798,21,23.22,23.222450376454482,ESPN
GER-Bundesliga,2425,2024/2025,VfL Wolfsburg,Bartosz Bialek,305961,1,23.63,23.633127994524298,ESPN
GER-Bundesliga,2425,2024/2025,VfL Wolfsburg,Bence Dárdai,366562,34,19.43,19.430527036276523,ESPN
GER-Bundesliga,2425,2024/2025,VfL Wolfsburg,Bennit Bröger,384501,4,19.48,19.477070499657767,ESPN
GER-Bundesliga,2425,2024/2025,VfL Wolfsburg,Cédric Zesiger,245808,16,27.02,27.017111567419576,ESPN
GER-Bundesliga,2425,2024/2025,VfL Wolfsburg,David Odogu,362411,17,19.32,19.318275154004105,ESPN
GER-Bundesliga,2425,2024/2025,VfL Wolfsburg,Denis Vavro,191176,31,28.74,28.736481861738536,ESPN
GER-Bundesliga,2425,2024/2025,VfL Wolfsburg,Jakub Kaminski,304933,31,23.15,23.15126625598905,ESPN
GER-Bundesliga,2425,2024/2025,VfL Wolfsburg,Jan Bürger,403548,1,17.74,17.741273100616016,ESPN
GER-Bundesliga,2425,2024/2025,VfL Wolfsburg,Joakim Maehle,238870,28,28.11,28.112251882272417,ESPN
GER-Bundesliga,2425,2024/2025,VfL Wolfsburg,Jonas Wind,271215,33,26.0,25.9958932238193,ESPN
GER-Bundesliga,2425,2024/2025,VfL Wolfsburg,Jonathan Akaegbobi,389627,2,19.18,19.1813826146475,ESPN
GER-Bundesliga,2425,2024/2025,VfL Wolfsburg,Kamil Grabara,259474,29,25.91,25.913757700205338,ESPN
GER-Bundesliga,2425,2024/2025,VfL Wolfsburg,Kevin Behrens,221614,32,34.33,34.32991101984942,ESPN
GER-Bundesliga,2425,2024/2025,VfL Wolfsburg,Kevin Paredes,183529,5,21.99,21.987679671457904,ESPN
GER-Bundesliga,2425,2024/2025,VfL Wolfsburg,Kilian Fischer,321247,32,24.55,24.553045859000683,ESPN
GER-Bundesliga,2425,2024/2025,VfL Wolfsburg,Konstantinos Koulierakis,336104,31,21.59,21.587953456536617,ESPN
GER-Bundesliga,2425,2024/2025,VfL Wolfsburg,Lovro Majer,237549,9,27.45,27.449691991786448,ESPN
GER-Bundesliga,2425,2024/2025,VfL Wolfsburg,Lukas Nmecha,258956,20,26.54,26.543463381245722,ESPN
GER-Bundesliga,2425,2024/2025,VfL Wolfsburg,Mads Roerslev,249172,11,26.02,26.017796030116358,ESPN
GER-Bundesliga,2425,2024/2025,VfL Wolfsburg,Marius Müller,172005,30,31.56,31.561943874058862,ESPN
GER-Bundesliga,2425,2024/2025,VfL Wolfsburg,Mathys Angély,383224,4,18.19,18.193018480492814,ESPN
GER-Bundesliga,2425,2024/2025,VfL Wolfsburg,Mattias Svanberg,220120,22,26.17,26.16563997262149,ESPN
GER-Bundesliga,2425,2024/2025,VfL Wolfsburg,Maximilian Arnold,169037,28,31.09,31.093771389459274,ESPN
GER-Bundesliga,2425,2024/2025,VfL Wolfsburg,Mohamed Amoura,315384,31,24.82,24.815879534565365,ESPN
GER-Bundesliga,2425,2024/2025,VfL Wolfsburg,Nicolas Cozza,259022,1,25.91,25.913757700205338,ESPN
GER-Bundesliga,2425,2024/2025,VfL Wolfsburg,Patrick Wimmer,300095,29,24.08,24.084873374401095,ESPN
GER-Bundesliga,2425,2024/2025,VfL Wolfsburg,Pavao Pervan,149841,10,37.63,37.6290212183436,ESPN
GER-Bundesliga,2425,2024/2025,VfL Wolfsburg,Ridle Baku,258963,15,26.9,26.90485968514716,ESPN
GER-Bundesliga,2425,2024/2025,VfL Wolfsburg,Salih Özcan,225563,18,26.66,26.661190965092402,ESPN
GER-Bundesliga,2425,2024/2025,VfL Wolfsburg,Sebastiaan Bornauw,271130,19,26.28,26.275154004106778,ESPN
GER-Bundesliga,2425,2024/2025,VfL Wolfsburg,Tiago Tomás,304019,33,23.04,23.039014373716633,ESPN
GER-Bundesliga,2425,2024/2025,VfL Wolfsburg,Till Neininger,389628,4,18.32,18.324435318275153,ESPN
GER-Bundesliga,2425,2024/2025,VfL Wolfsburg,Yannick Gerhardt,189529,31,31.3,31.299110198494184,ESPN
GER-Bundesliga,2425,2024/2025,Werder Bremen,Abdenego Nankishi,324516,5,23.06,23.06365503080082,ESPN
GER-Bundesliga,2425,2024/2025,Werder Bremen,Amos Pieper,275844,32,27.45,27.449691991786448,ESPN
GER-Bundesliga,2425,2024/2025,Werder Bremen,André Silva,3368,14,30.05,30.053388090349078,ESPN
GER-Bundesliga,2425,2024/2025,Werder Bremen,Anthony Jung,169753,33,34.31,34.30527036276523,ESPN
GER-Bundesliga,2425,2024/2025,Werder Bremen,Derrick Köhn,263202,31,26.25,26.245037645448324,ESPN
GER-Bundesliga,2425,2024/2025,Werder Bremen,Felix Agu,279961,24,25.76,25.75770020533881,ESPN
GER-Bundesliga,2425,2024/2025,Werder Bremen,Isak Hansen-Aarøen,308227,9,20.85,20.854209445585216,ESPN
GER-Bundesliga,2425,2024/2025,Werder Bremen,Issa Kaboré,294427,12,23.57,23.567419575633128,ESPN
GER-Bundesliga,2425,2024/2025,Werder Bremen,Jens Stage,234757,29,28.88,28.88432580424367,ESPN
GER-Bundesliga,2425,2024/2025,Werder Bremen,Julian Malatini,309487,31,24.08,24.082135523613964,ESPN
GER-Bundesliga,2425,2024/2025,Werder Bremen,Justin Njinmah,340639,27,24.62,24.621492128678987,ESPN
GER-Bundesliga,2425,2024/2025,Werder Bremen,Karim Coulibaly,224074,1,18.11,18.105407255304584,ESPN
GER-Bundesliga,2425,2024/2025,Werder Bremen,Keke Topp,332325,22,21.26,21.26488706365503,ESPN
GER-Bundesliga,2425,2024/2025,Werder Bremen,Leonardo Bittencourt,157560,31,31.53,31.529089664613277,ESPN
GER-Bundesliga,2425,2024/2025,Werder Bremen,Maik Lukowicz,228724,1,30.49,30.491444216290212,ESPN
GER-Bundesliga,2425,2024/2025,Werder Bremen,Marco Friedl,232477,26,27.29,27.290896646132786,ESPN
GER-Bundesliga,2425,2024/2025,Werder Bremen,Marco Grüll,305853,31,27.06,27.06365503080082,ESPN
GER-Bundesliga,2425,2024/2025,Werder Bremen,Markus Kolke,162111,1,34.87,34.86652977412731,ESPN
GER-Bundesliga,2425,2024/2025,Werder Bremen,Marvin Ducksch,159150,32,30.99,30.99247091033539,ESPN
GER-Bundesliga,2425,2024/2025,Werder Bremen,Michael Zetterer,184550,34,29.56,29.56331279945243,ESPN
GER-Bundesliga,2425,2024/2025,Werder Bremen,Mick Schmetgens,399865,1,17.81,17.806981519507186,ESPN
GER-Bundesliga,2425,2024/2025,Werder Bremen,Milos Veljkovic,197342,18,29.76,29.760438056125942,ESPN
GER-Bundesliga,2425,2024/2025,Werder Bremen,Mio Backhaus,338852,33,21.2,21.204654346338124,ESPN
GER-Bundesliga,2425,2024/2025,Werder Bremen,Mitchell Weiser,159139,32,31.19,31.19233401779603,ESPN
GER-Bundesliga,2425,2024/2025,Werder Bremen,Niklas Stark,186026,27,30.21,30.21218343600274,ESPN
GER-Bundesliga,2425,2024/2025,Werder Bremen,Oliver Burke,212478,29,27.99,27.98904859685147,ESPN
GER-Bundesliga,2425,2024/2025,Werder Bremen,Olivier Deman,282388,15,25.07,25.07049965776865,ESPN
GER-Bundesliga,2425,2024/2025,Werder Bremen,Patrice Covic,398005,6,18.02,18.015058179329227,ESPN
GER-Bundesliga,2425,2024/2025,Werder Bremen,Romano Schmid,238296,32,25.42,25.423682409308693,ESPN
GER-Bundesliga,2425,2024/2025,Werder Bremen,Senne Lynen,270389,32,26.36,26.360027378507873,ESPN
GER-Bundesliga,2425,2024/2025,Werder Bremen,Skelly Alvero,330964,22,23.24,23.236139630390145,ESPN
GER-Bundesliga,2425,2024/2025,Werder Bremen,Wesley Adeh,394499,2,17.91,17.913757700205338,ESPN
